country,pop_2013,pop_var,gdp_2013,edb_2019,food_kcal_cap_day,prot_g_cap_day,prot_ani_ratio,poultry_food_kg_cap_y,poultry_import_ratio,clust
"China, mainland",1385.567,103.19006086839303,6967.799286,73.64,3112.0,98.05,40.050994390617035,13.1960417648515,3.1938747607328413,4
India,1252.14,106.59576967672405,1499.382472,67.23,2454.0,59.91,19.996661659155397,1.8783842062389189,0.0,4
